Name,URL,Available
Wau 2 fotel ergonomiczny czarna rama siatka 6 kolorów,https://fotelewarszawa.pl/fotele-ergonomiczne/108-68372-wau-2-siatka.html,Yes
Explore Fotel biurowy ergonomiczny czarny,https://fotelewarszawa.pl/fotele-ergonomiczne/238-71594-explore.html,Yes
ERGONIC Fotel biurowy ergonomiczny czarny,https://fotelewarszawa.pl/fotele-ergonomiczne/212-71601-ergonic.html,Yes
Wau 2 fotel ergonomiczny biała rama siatka 6 kolorów,https://fotelewarszawa.pl/fotele-ergonomiczne/725-68384-wau-2-siatka.html,Yes
Tune fotel ergonomiczny czarny,https://fotelewarszawa.pl/fotele-ergonomiczne/232-71200-tune.html,Yes
Wau 2 fotel ergonomiczny czarna rama tkanina 18 kolorów,https://fotelewarszawa.pl/fotele-ergonomiczne/9-68330-wau-2-tkanina.html,Yes
Wau fotel ergonomiczny biała rama siatka 6 kolorów,https://fotelewarszawa.pl/fotele-ergonomiczne/722-68306-wau-1-siatka.html,Yes
Ergotech fotel ergonomiczny Czarny,https://fotelewarszawa.pl/fotele-ergonomiczne/288-83338-ergotech.html,Yes
Adella fotel gabinetowy skóra ekologiczna,https://fotelewarszawa.pl/fotele-gabinetowe/179-71677-adellaczarnyskora.html,Yes
Adella fotel gabinetowy skóra naturalna,https://fotelewarszawa.pl/fotele-gabinetowe/14-71673-adellaczarnyskora.html,Yes
